<?xml version="1.0" encoding="UTF-8"?>
<service id="message-service"
    class="Weborb.Messaging.PubSub.Memory.MessagingServiceHandler"
    messageTypes="flex.messaging.messages.AsyncMessage">

    <adapters />
    
    <destination  channels="weborb-rtmp" id="MyTransientTopic">
        <properties>
        	<server>
							<hide-in-console>true</hide-in-console>
					</server>        
            <!-- Full type name of the selector object associated with the destination.
                 If set, WebORB passes all outgoing messages to the selector. Message selector
                 can either change the outgoing message object or cancel message delivery. 
                 Selector class must implement the Weborb.Messaging.V3.IMessageSelector interface.
                 For a complete example, see the following article:
                 http://www.themidnightcoders.com/articles/msmqtoflexdatapush.shtm -->                 
            <selector></selector>
          <msmq>
            <!-- path of the queue. Default path points to a local private queue. The [destinationName] token 
                 is replaced with the destination name. More info: http://tinyurl.com/ykkoad -->
            <path>.\private$\WEBORB-[destinationName]</path>
            
            <!-- A value indicating how many previously published messages should be delivered to new 
                 subscribers. A value of -1 delivers all past messages from the queue, a value of 0 delivers
                 only new messages, any positive number will deliver the specified number of messages. -->
            <deliverPastMessages>-1</deliverPastMessages>
            
            <!-- The single base priority for all messages sent to the (public) queue. The default is zero (0) 
                 More info: http://tinyurl.com/ygejmg -->
            <BasePriority>0</BasePriority>
            
            <!-- A Guid that represents the queue category (Message Queuing type identifier), which allows 
                 an application to categorize its queues. The default is Guid.empty. (00000000-0000-0000-0000-000000000000)
                 More info: http://tinyurl.com/ydgv4n -->
            <Category>00000000-0000-0000-0000-000000000000</Category>
            
            <!-- The label for the message queue. More info: http://tinyurl.com/ygp2nl -->          
            <Label>WebORB MessageQueue for [destinationName]</Label>
            
            <!-- The maximum size, in kilobytes, of the queue. The Message Queuing default specifies that 
                 no limit exists (4294967295 bytes). More info: http://tinyurl.com/ye2qkp -->
            <MaximumQueueSize>4294967295</MaximumQueueSize>
            
            <!-- A value indicating whether received messages are copied to the journal queue.
                 More info: http://tinyurl.com/yd96cf -->
            <UseJournalQueue>false</UseJournalQueue>
            
            <!-- The maximum size, in kilobytes, of the journal queue. The Message Queuing default 
                 specifies that no limit exists (4294967295 bytes). It is relevant only when UseJournalQueue is true.
                 More info: http://tinyurl.com/ykmzgb  -->
            <MaximumJournalSize>4294967295</MaximumJournalSize>         
          </msmq>
          <message-service-handler>Weborb.Messaging.PubSub.Msmq.MessagingServiceHandler</message-service-handler>
        </properties>
        <channels>
            <channel ref="weborb-rtmp"/>
        </channels>        
    </destination>    
    
    <destination channels="weborb-rtmp" id="CounterReadings">
        <properties>
        	<server>
							<hide-in-console>true</hide-in-console>
					</server>
          <msmq>
            <path>.\private$\WEBORB-[destinationName]</path>
            <deliverPastMessages>-1</deliverPastMessages>
            <BasePriority>0</BasePriority>
            <Category>00000000-0000-0000-0000-000000000000</Category>
            <Label>WebORB MessageQueue for [destinationName]</Label>
            <MaximumQueueSize>4294967295</MaximumQueueSize>
            <UseJournalQueue>false</UseJournalQueue>
            <MaximumJournalSize>4294967295</MaximumJournalSize>         
          </msmq>
        <message-service-handler>Weborb.Messaging.PubSub.Msmq.MessagingServiceHandler</message-service-handler>
        </properties>
        <channels>
            <channel ref="weborb-rtmp"/>
        </channels>
    </destination>    

    <destination channels="weborb-rtmp" id="MSMQDestination">
        <properties>
          <msmq>
            <path>.\private$\WEBORB-[destinationName]</path>
            <deliverPastMessages>-1</deliverPastMessages>
            <BasePriority>0</BasePriority>
            <Category>00000000-0000-0000-0000-000000000000</Category>
            <Label>WebORB MessageQueue for [destinationName]</Label>
            <MaximumQueueSize>4294967295</MaximumQueueSize>
            <UseJournalQueue>false</UseJournalQueue>
            <MaximumJournalSize>4294967295</MaximumJournalSize>         
          </msmq>
        <message-service-handler>Weborb.Messaging.PubSub.Msmq.MessagingServiceHandler</message-service-handler>
        </properties>
        <channels>
            <channel ref="weborb-rtmp"/>
        </channels>
    </destination>    
    
    <destination  channels="weborb-rtmp" id="mqpush">
        <properties>
        	<server>
							<hide-in-console>true</hide-in-console>
					</server>        
          <msmq>
            <path>.\private$\WEBORB-[destinationName]</path>
            <deliverPastMessages>-1</deliverPastMessages>
            <BasePriority>0</BasePriority>
            <Category>00000000-0000-0000-0000-000000000000</Category>
            <Label>WebORB MessageQueue for [destinationName]</Label>
            <MaximumQueueSize>4294967295</MaximumQueueSize>
            <UseJournalQueue>false</UseJournalQueue>
            <MaximumJournalSize>4294967295</MaximumJournalSize>         
          </msmq>
          <message-service-handler>Weborb.Messaging.PubSub.Msmq.MessagingServiceHandler</message-service-handler>
        </properties>
        <channels>
            <channel ref="weborb-rtmp"/>
        </channels>
    </destination>       
 
    <destination id="DataService">
        <properties>
            <server>
		        		<hide-in-console>true</hide-in-console>            
                <durable>false</durable>
            </server>
            <message-service-handler>Weborb.Messaging.PubSub.Memory.MessagingServiceHandler</message-service-handler>
            <message-storage-policy>Weborb.Messaging.PubSub.Memory.MemoryStoragePolicy</message-storage-policy>
        </properties>
        <channels>
            <channel ref="my-polling-amf"/>
        </channels>         
    </destination>  
    
    <destination id="SamplePollingDestination">
        <properties>
            <server>
                <durable>false</durable>
                <allow-subtopics>true</allow-subtopics>
            </server>
            <message-service-handler>Weborb.Messaging.PubSub.Memory.MessagingServiceHandler</message-service-handler>
            <message-storage-policy>Weborb.Messaging.PubSub.Memory.MemoryStoragePolicy</message-storage-policy>
        </properties>
        <channels>
            <channel ref="my-polling-amf"/>
        </channels>         
    </destination>     
    
    
    <destination id="SampleRTMPDestination">
        <properties>
            <server>
                <durable>false</durable>
                <allow-subtopics>true</allow-subtopics>
            </server>
            <message-service-handler>Weborb.Messaging.PubSub.Memory.MessagingServiceHandler</message-service-handler>
            <message-storage-policy>Weborb.Messaging.PubSub.Memory.MemoryStoragePolicy</message-storage-policy>
        </properties>
        <channels>
            <channel ref="weborb-rtmp"/>
        </channels>         
    </destination>  

	<destination id="WdmfMessagingDestination">
        <properties>
            <server>
                <durable>false</durable>
				<allow-subtopics>true</allow-subtopics>
            </server>
            <message-service-handler>Weborb.Messaging.PubSub.Memory.MessagingServiceHandler</message-service-handler>
            <message-storage-policy>Weborb.Messaging.PubSub.Memory.MemoryStoragePolicy</message-storage-policy>			
        </properties>
        <channels>
            <channel ref="weborb-rtmp"/>
			<channel ref="my-polling-amf"/>
        </channels>         
    </destination> 
</service>