﻿<?xml version="1.0" encoding="utf-8"?>

<Deployment xmlns="http://schemas.microsoft.com/windowsphone/2009/deployment" AppPlatformVersion="7.0">
  <App xmlns="" ProductID="{bf124ee7-eba4-4775-acb0-cddb647d7532}" Title="WindowsPhoneMessagingChat" RuntimeType="Silverlight" Version="1.0.0.0" Genre="apps.normal"  Author="WindowsPhoneMessagingChat author" Description="Sample description" Publisher="WindowsPhoneMessagingChat">
    <IconPath IsRelative="true" IsResource="false">Images/ApplicationIcon.png</IconPath>
    <Capabilities>
      <Capability Name="ID_CAP_GAMERSERVICES"/>
      <Capability Name="ID_CAP_IDENTITY_DEVICE"/>
      <Capability Name="ID_CAP_IDENTITY_USER"/>
      <Capability Name="ID_CAP_LOCATION"/>
      <Capability Name="ID_CAP_MEDIALIB"/>
      <Capability Name="ID_CAP_MICROPHONE"/>
      <Capability Name="ID_CAP_NETWORKING"/>
      <Capability Name="ID_CAP_PHONEDIALER"/>
      <Capability Name="ID_CAP_PUSH_NOTIFICATION"/>
      <Capability Name="ID_CAP_SENSORS"/>
      <Capability Name="ID_CAP_WEBBROWSERCOMPONENT"/>
    </Capabilities>
    <Tasks>
      <DefaultTask  Name ="_default" NavigationPage="WebORBURLPage.xaml"/>
    </Tasks>
    <Tokens>
      <PrimaryToken TokenID="WindowsPhoneMessagingChatToken" TaskName="_default">
        <TemplateType5>
          <BackgroundImageURI IsRelative="true" IsResource="false">Images/Background.png</BackgroundImageURI>
          <Count>0</Count>
          <Title>WindowsPhoneMessagingChat</Title>
        </TemplateType5>
      </PrimaryToken>
    </Tokens>
  </App>
</Deployment>
